{
	"start": {
		"connected": [
			{
				"socket": 5,
				"local_host": "::1",
				"local_port": 59549,
				"remote_host": "::1",
				"remote_port": 5201
			}
		],
		"version": "iperf 3.12",
		"system_info": "Linux dev 6.1.0-18-amd64 #1 SMP PREEMPT_DYNAMIC Debian 6.1.76-1 (2024-02-01) x86_64",
		"timestamp": {
			"time": "Tue, 23 Jul 2024 11:34:52 GMT",
			"timesecs": 1721734492
		},
		"connecting_to": {
			"host": "localhost",
			"port": 5201
		},
		"cookie": "zczawiz5mrodrv7x5zq6yr3xkqfsla5sji6m",
		"target_bitrate": 1048576,
		"sock_bufsize": 0,
		"sndbuf_actual": 212992,
		"rcvbuf_actual": 212992,
		"test_start": {
			"protocol": "UDP",
			"num_streams": 1,
			"blksize": 32768,
			"omit": 0,
			"duration": 2,
			"bytes": 0,
			"blocks": 0,
			"reverse": 0,
			"tos": 0,
			"target_bitrate": 1048576
		}
	},
	"intervals": [
		{
			"streams": [
				{
					"socket": 5,
					"start": 0,
					"end": 1.000289,
					"seconds": 1.0002889633178711,
					"bytes": 131072,
					"bits_per_second": 1048273.0875305922,
					"packets": 4,
					"omitted": false,
					"sender": true
				}
			],
			"sum": {
				"start": 0,
				"end": 1.000289,
				"seconds": 1.0002889633178711,
				"bytes": 131072,
				"bits_per_second": 1048273.0875305922,
				"packets": 4,
				"omitted": false,
				"sender": true
			}
		},
		{
			"streams": [
				{
					"socket": 5,
					"start": 1.000289,
					"end": 2.000303,
					"seconds": 1.0000139474868774,
					"bytes": 131072,
					"bits_per_second": 1048561.3752039792,
					"packets": 4,
					"omitted": false,
					"sender": true
				}
			],
			"sum": {
				"start": 1.000289,
				"end": 2.000303,
				"seconds": 1.0000139474868774,
				"bytes": 131072,
				"bits_per_second": 1048561.3752039792,
				"packets": 4,
				"omitted": false,
				"sender": true
			}
		}
	],
	"end": {
		"streams": [
			{
				"udp": {
					"socket": 5,
					"start": 0,
					"end": 2.000303,
					"seconds": 2.000303,
					"bytes": 262144,
					"bits_per_second": 1048417.1647995327,
					"jitter_ms": 0.022477844208478922,
					"lost_packets": 0,
					"packets": 8,
					"lost_percent": 0,
					"out_of_order": 0,
					"sender": true
				}
			}
		],
		"sum": {
			"start": 0,
			"end": 2.000562,
			"seconds": 2.000562,
			"bytes": 262144,
			"bits_per_second": 1048417.1647995327,
			"jitter_ms": 0.022477844208478922,
			"lost_packets": 0,
			"packets": 8,
			"lost_percent": 0,
			"sender": true
		},
		"sum_sent": {
			"start": 0,
			"end": 2.000303,
			"seconds": 2.000303,
			"bytes": 262144,
			"bits_per_second": 1048417.1647995327,
			"jitter_ms": 0,
			"lost_packets": 0,
			"packets": 8,
			"lost_percent": 0,
			"sender": true
		},
		"sum_received": {
			"start": 0,
			"end": 2.000562,
			"seconds": 2.000562,
			"bytes": 262144,
			"bits_per_second": 1048281.4329173502,
			"jitter_ms": 0.022477844208478922,
			"lost_packets": 0,
			"packets": 8,
			"lost_percent": 0,
			"sender": false
		},
		"cpu_utilization_percent": {
			"host_total": 4.5564758336223425,
			"host_user": 2.4675601148576325,
			"host_system": 2.0889656916294452,
			"remote_total": 0.027392206917132074,
			"remote_user": 0.0039988623236689161,
			"remote_system": 0.02349331615155488
		}
	}
}